"label","print","freq","portion"
"(0,1]","32.7% (7,015)",70145560,0.327253940312194
"(1,5]","29.4% (6,305)",63045710,0.294130619490099
"(5,10]","13.8% (2,951)",29512990,0.137688575982491
"(10,89]","24.1% (5,164)",51641700,0.240926864215215
