"label","print","freq","portion"
"(0,1]","43.4% (963)",9626500,0.433924987074431
"(1,5]","29.4% (651)",6511710,0.293522430538871
"(5,10]","9.5% (210)",2102000,0.0947499426406746
"(10,89]","17.8% (394)",3944500,0.177802639746023
