"label","print","freq","portion"
"(0,1]","36.2% (2,927)",29267310,0.361661606604768
"(1,5]","26.6% (2,156)",21560510,0.266427242060106
"(5,10]","11.9% (965)",9647150,0.119211631275891
"(10,89]","25.3% (2,045)",20449600,0.252699520059235
