"label","print","freq","portion"
"(0,1]","74.7% (28,133)",28133,0.747403097686034
"(1,5]","20.3% (7,625)",7625,0.202571663877155
"(5,10]","2.8% (1,066)",1066,0.0283201827794161
"(10,89]","2.2% (817)",817,0.0217050556573949
