"label","print","freq","portion"
"0","0.2% (75)",75,0.0019808779250964
"1","37.5% (14,211)",14211,0.375336749247266
"2","62.3% (23,576)",23576,0.622682372827637
