"label","print","freq","portion"
"경기","33.7% (12,769)",12769,0.33725106967408
"부산","12.7% (4,827)",4827,0.127489303259204
"서울","52.9% (20,012)",20012,0.528551053827056
"혼합","0.7% (254)",254,0.00670857323965982
