"label","print","freq","portion"
"(0,1]","40.3% (1,456)",14557540,0.402684500638014
"(1,5]","28.6% (1,035)",10348890,0.286266608356064
"(5,10]","10.3% (371)",3707400,0.102552527258409
"(10,89]","20.8% (754)",7537400,0.208496363747513
