"label","print","freq","portion"
"0","0.2% (113)",113,0.00152350649175554
"1","40.3% (29,892)",29892,0.403014655323509
"2","59.5% (44,166)",44166,0.595461838184735
