"label","print","freq","portion"
"(10,20]","7.9% (5,884)",5884,0.0793301964379609
"(20,30]","30.9% (22,923)",22923,0.309056100093028
"(30,40]","25.5% (18,943)",18943,0.255396313923231
"(40,50]","21.2% (15,692)",15692,0.211565166979008
"(50,60]","11.1% (8,268)",8268,0.111472138706503
"(60,100]","3.0% (2,229)",2229,0.030052176726753
NA,"0.3% (232)",232,0.00312790713351579
