"label","print","freq","portion"
"(10,20]","8.5% (3,228)",3228,0.0852569858961492
"(20,30]","33.6% (12,718)",12718,0.335904072685014
"(30,40]","29.2% (11,039)",11039,0.291558818868523
"(40,50]","19.9% (7,523)",7523,0.198695261740003
"(50,60]","6.9% (2,612)",2612,0.0689873752046907
"(60,100]","1.6% (609)",609,0.0160847287517828
NA,"0.4% (133)",133,0.00351275685383762
