"label","print","freq","portion"
"(0,1]","22.2% (1,669)",16694210,0.222336151677855
"(1,5]","32.8% (2,462)",24624600,0.327954350676463
"(5,10]","18.7% (1,406)",14056440,0.187205910066464
"(10,89]","26.3% (1,971)",19710200,0.262503587579218
