"label","print","freq","portion"
"경기","36.9% (27,406)",27406,0.369497512504887
"부산","12.5% (9,249)",9249,0.124698332232274
"서울","50.6% (37,516)",37516,0.505804155262839
