"label","print","freq","portion"
"(0,1]","38.5% (28,479)",28479,0.385273069170308
"(1,5]","28.2% (20,831)",20831,0.28180846602362
"(5,10]","11.1% (8,197)",8197,0.110891651672777
"(10,89]","22.2% (16,412)",16412,0.222026813133295
