"惑前","err_normal_out_pro_ETS","err_log_out_pro_ETS","err_normal_out_pro_arima","err_log_out_pro_arima","err_mean_model"
"惑前A",130.740843438176,130.740835066824,189.178470588936,130.742,166.622
"惑前B",46.0667637354498,40.4050251091717,77.6438235285184,35.6395610881242,15.115
"惑前C",434.429957905008,340.525473398774,529.99749363014,353.938644758723,335.948
"惑前D",291.353111810534,300.596722520949,316.708764701492,300.597,202.2
