"惑前","err_normal_out_ETS","err_log_out_ETS","err_normal_out_arima","err_log_out_arima","err_mean_model"
"惑前A",130.740564065421,130.740838061801,210.758666666667,130.742,166.622
"惑前B",52.0627868218554,38.255840634298,94.9183333326847,35.5344850890423,15.115
"惑前C",335.948,383.921528339428,456.855548505385,387.336471809611,335.948
"惑前D",276.728901217102,300.596722668669,198.012431058734,304.775467036675,202.2
